
INSERT INTO `usuarios` (`Nombre`, `Contraseña`, `Telefono`, `CorreoElectronico`, `Celular`, `Baja`) VALUES
('mauri', '123', '', 'usernamedarklight@gmail.com', '09627553', 0),
('jabon', '23321', 'nohay', 'jabonero@gmail.com', '00087655', 0);

INSERT INTO `usuarios` (`Nombre`, `Contraseña`, `Telefono`, `CorreoElectronico`, `Celular`) VALUES
('Juan Pérez', 'Password123', '1234567890', 'juanperez@example.com', '0987654321'),
('Ana López', 'SecurePass', '9876543210', 'analopez@example.com', '0976543210'),
('Carlos González', '123456', '5555555555', 'carlosgonzalez@example.com', '0961234567'),
('Laura Martínez', 'SimplePassword', '4444444444', 'lauramartinez@example.com', '0947654321'),
('Diego Ramírez', 'P@ssw0rd', '7777777777', 'diegoramirez@example.com', '0912345678'),
('Sofía Rodríguez', '987654321', '8888888888', 'sofiarodriguez@example.com', '0923456789'),
('María Torres', 'UserPass', '6666666666', 'mariatorres@example.com', '0988888888'),
('Pedro Sánchez', 'Password1234', '2222222222', 'pedrosanchez@example.com', '0911111111'),
('Marta García', 'SecurePass1', '3333333333', 'martagarcia@example.com', '0977777777'),
('Javier Díaz', 'P@ssw0rd123', '1111111111', 'javierdiaz@example.com', '0944444444');

INSERT INTO `clientes` (`Cedula`, `Nombre`, `Telefono`, `CorreoElectronico`, `Celular`, `Baja`) VALUES
('10742381', 'Ricardo González', '47388999', 'ricardo.gonzalez@hotmail.com', '097789012', 0),
('11742382', 'Camila Fernández', '47399000', 'camila.fernandez@yahoo.com', '096890123', 0),
('12742383', 'Fernando Ramírez', '47300111', 'fernando.ramirez@outlook.com', '096901234', 0),
('13742384', 'Mariana Torres', '47311222', 'mariana.torres@live.com', '098912345', 0),
('14742385', 'Andrés Sánchez', '47322333', 'andres.sanchez@gmail.com', '098123456', 0),
('15742386', 'Lucía Romero', '47333444', 'lucia.romero@hotmail.com', '097234567', 0),
('16742387', 'Martín Pérez', '47344555', 'martin.perez@yahoo.com', '097345678', 0),
('17742388', 'Valeria García', '47355666', 'valeria.garcia@outlook.com', '097456789', 0),
('18742389', 'Esteban López', '47366777', 'esteban.lopez@gmail.com', '098567890', 0),
('19742390', 'Olivia Martínez', '47377888', 'olivia.martinez@hotmail.com', '098678901', 0),
('20742391', 'Federico González', '47388999', 'federico.gonzalez@gmail.com', '097789012', 0),
('21742373', 'Jorge Torres', '47300111', 'jorge.torres@outlook.com', '092901234', 0),
('21742392', 'Emilia Ramírez', '47399000', 'emilia.ramirez@hotmail.com', '097890123', 0),
('22742393', 'Roberto Sánchez', '47300111', 'roberto.sanchez@yahoo.com', '096901234', 0),
('23742394', 'Catalina Torres', '47311222', 'catalina.torres@gmail.com', '096012345', 0),
('32742374', 'Elena Sánchez', '47311222', 'elena.sanchez@live.com', '092012345', 0),
('34742365', 'Juan Pérez', '47322333', 'juan.perez@hotmail.com', '096123456', 0),
('43742375', 'Miguel Romero', '47322333', 'miguel.romero@gmail.com', '092123456', 0),
('44742366', 'Ana García', '47333444', 'ana.garcia@gmail.com', '097234567', 0),
('54657868', 'Paula Ramírez', '47399000', 'paula.ramirez@yahoo.com', '091890123', 0),
('54742365', 'Mauricio', '...', 'usernamedarklight@gmail.com', '54742365', 0),
('54742366', 'mauricio', '0', 'usernamedarklight@gmail.com', '54742366', 0),
('54742376', 'Valentina Pérez', '47333444', 'valentina.perez@outlook.com', '091234567', 0),
('55742367', 'Pedro López', '47344555', 'pedro.lopez@outlook.com', '098345678', 0),
('65742377', 'Alejandro García', '47344555', 'alejandro.garcia@yahoo.com', '091345678', 0),
('66742368', 'María Rodríguez', '47355666', 'maria.rodriguez@yahoo.com', '096456789', 0),
('76742378', 'Isabel López', '47355666', 'isabel.lopez@hotmail.com', '094456789', 0),
('77742369', 'Carlos Martínez', '47366777', 'carlos.martinez@live.com', '097567890', 0),
('87742379', 'Adrián Rodríguez', '47366777', 'adrian.rodriguez@live.com', '094567890', 0),
('88742370', 'Luis González', '47377888', 'luis.gonzalez@gmail.com', '098678901', 0),
('98742380', 'Julia Martínez', '47377888', 'julia.martinez@gmail.com', '097678901', 0),
('99742371', 'Sofía Fernández', '47388999', 'sofia.fernandez@hotmail.com', '091789012', 0);


INSERT INTO `celulares` ( `Modelo`, `Marca`, `IMEI`, `Estado`, `Cedula_Cliente`, `ID_Usuario`, `Baja`) VALUES
('5356345', '3464533', '34536', 'Arreglado', '54742366', 2, 0),
('5356345', '3464533', '34536', 'Arreglado', '54742366', 2, 0),
('5356345', '3464533', '34536', 'Arreglado', '54742366', 2, 0),
('iPhone X', 'Apple', '123456789012345', 'Arreglado', '54742365', 1, 0),
('Galaxy S20', 'Samsung', '987654321098765', 'Averiado', '54742365', 1, 0),
('OnePlus 8', 'OnePlus', '567890123456789', 'Arreglado', '54742365', 1, 0),
('Pixel 4', 'Google', '234567890123456', 'Averiado', '54742365', 1, 0),
('Xperia 5', 'Sony', '678901234567890', 'Arreglado', '54742365', 1, 0),
('Mate 20', 'Huawei', '345678901234567', 'Averiado', '54742365', 1, 0),
('Mi 10', 'Xiaomi', '789012345678901', 'Arreglado', '54742365', 1, 0),
('Nokia 9', 'Nokia', '456789012345678', 'Averiado', '54742365', 1, 0),
('Zenfone 6', 'Asus', '890123456789012', 'Arreglado', '54742365', 1, 0),
('LG V60', 'LG', '567890123456789', 'Averiado', '54742365', 1, 0),
('Mi 11', 'Xiaomi', '321098765432109', 'Arreglado', '54742366', 2, 0),
('Xperia 1', 'Sony', '098765432109876', 'Averiado', '54742366', 2, 0),
('P40 Pro', 'Huawei', '654321098765432', 'Arreglado', '54742366', 2, 0),
('Pixel 5', 'Google', '321098765432109', 'Averiado', '54742366', 2, 0),
('Zenfone 7', 'Asus', '654321098765432', 'Arreglado', '54742366', 2, 0),
('Nokia 8', 'Nokia', '098765432109876', 'Averiado', '54742366', 2, 0),
('Galaxy Note 20', 'Samsung', '321098765432109', 'Arreglado', '54742366', 2, 0),
('iPhone 12', 'Apple', '654321098765432', 'Averiado', '54742366', 2, 0),
('Mate 30', 'Huawei', '098765432109876', 'Arreglado', '54742366', 2, 0),
('LG G9', 'LG', '321098765432109', 'Averiado', '54742366', 2, 0),
('Galaxy A71', 'Samsung', '012345678901234', 'Arreglado', '54742365', 1, 0),
('Redmi Note 9', 'Xiaomi', '123450987654321', 'Averiado', '54742365', 1, 0),
('iPhone 11', 'Apple', '567890123450987', 'Arreglado', '54742365', 1, 0),
('Pixel 3a', 'Google', '678901234505678', 'Averiado', '54742365', 1, 0),
('Xperia 10', 'Sony', '345056789012345', 'Arreglado', '54742365', 1, 0),
('Mate 10 Pro', 'Huawei', '567890123400567', 'Averiado', '54742365', 1, 0),
('Mi Mix 3', 'Xiaomi', '890123456785678', 'Arreglado', '54742365', 1, 0),
('Nokia 7.2', 'Nokia', '056789012345678', 'Averiado', '54742365', 1, 0),
('Zenfone 5', 'Asus', '789012345056789', 'Arreglado', '54742365', 1, 0),
('LG G8', 'LG', '678901234505678', 'Averiado', '54742365', 1, 0);